fullName,email,password,staffCategory,title,department
"Dr. Adebisi Akinola","adebisi.akinola@bouesti.edu.ng","Staff@12345","Academic Staff","Senior Lecturer","Business Education"
"Dr. Adetola Omotoso","adetola.omotoso@bouesti.edu.ng","Staff@12345","Academic Staff","Senior Lecturer","Department of Mechanical Engineering"
"Dr. Chika Umeh","chika.umeh@bouesti.edu.ng","Staff@12345","Academic Staff","Lecturer I","Department of Building Technology"
"Dr. Chinedu Okafor","chinedu.okafor@bouesti.edu.ng","Staff@12345","Academic Staff","Lecturer I","Social Sciences Education"
"Dr. Damilola Fasina","damilola.fasina@bouesti.edu.ng","Staff@12345","Academic Staff","Associate Professor","Educational Technology"
"Dr. Dolapo Adebusoye","dolapo.adebusoye@bouesti.edu.ng","Staff@12345","Academic Staff","Senior Lecturer","Department of Entrepreneurial Arts"
"Dr. Emeka Nwosu","emeka.nwosu@bouesti.edu.ng","Staff@12345","Academic Staff","Lecturer II","Human Kinetics and Health Education"
"Dr. Eniola Ibitoye","eniola.ibitoye@bouesti.edu.ng","Staff@12345","Academic Staff","Lecturer II","Department of Entrepreneurial Studies"
"Dr. Funmilayo Adesina","funmilayo.adesina@bouesti.edu.ng","Staff@12345","Academic Staff","Associate Professor","Department of Tourism and Hospitality Management"
"Dr. Hauwa Sani","hauwa.sani@bouesti.edu.ng","Staff@12345","Academic Staff","Lecturer I","Arts Education"
"Dr. Ifeoluwa Ajibola","ifeoluwa.ajibola@bouesti.edu.ng","Staff@12345","Academic Staff","Associate Professor","Educational Foundations and Management"
"Dr. Kehinde Olusanya","kehinde.olusanya@bouesti.edu.ng","Staff@12345","Academic Staff","Senior Lecturer","Language Education"
"Dr. Mojisola Akinsiwaju","mojisola.akinsiwaju@bouesti.edu.ng","Staff@12345","Academic Staff","Senior Lecturer","Department of Chemical Sciences"
"Dr. Nnamdi Eze","nnamdi.eze@bouesti.edu.ng","Staff@12345","Academic Staff","Associate Professor","Department of Computing and Information Science"
"Dr. Omolara Sodeinde","omolara.sodeinde@bouesti.edu.ng","Staff@12345","Academic Staff","Lecturer I","Department of Mathematical Sciences"
"Dr. Ruth Akinyemi","ruth.akinyemi@bouesti.edu.ng","Staff@12345","Academic Staff","Lecturer II","Department of Economics"
"Dr. Sade Balogun","sade.balogun@bouesti.edu.ng","Staff@12345","Academic Staff","Senior Lecturer","Department of Management Sciences"
"Dr. Tosin Alabi","tosin.alabi@bouesti.edu.ng","Staff@12345","Academic Staff","Lecturer I","Department of Media and Performing Studies"
"Dr. Uche Maduka","uche.maduka@bouesti.edu.ng","Staff@12345","Academic Staff","Associate Professor","Department of Peace and Security Studies"
"Dr. Victoria Alonge","victoria.alonge@bouesti.edu.ng","Staff@12345","Academic Staff","Lecturer II","Department of Political Science and International Diplomacy"
"Dr. Wale Fadipe","wale.fadipe@bouesti.edu.ng","Staff@12345","Academic Staff","Senior Lecturer","Department of Spatial and Planning Sciences"
"Dr. Yetunde Ogunleye","yetunde.ogunleye@bouesti.edu.ng","Staff@12345","Academic Staff","Senior Lecturer","Department of Computing and Information Science"
"Dr. Yinka Owolabi","yinka.owolabi@bouesti.edu.ng","Staff@12345","Academic Staff","Lecturer I","Department of Civil Engineering"
"Dr. Zainab Danjuma","zainab.danjuma@bouesti.edu.ng","Staff@12345","Academic Staff","Associate Professor","Department of Electrical/Electronics Engineering"
"Engr. Ganiyu Bello","ganiyu.bello@bouesti.edu.ng","Staff@12345","Academic Staff","Senior Lecturer","Science Education"
"Engr. Kabiru Sule","kabiru.sule@bouesti.edu.ng","Staff@12345","Academic Staff","Lecturer I","Department of Food Science and Technology"
"Mr. Bamidele Arowolo","bamidele.arowolo@bouesti.edu.ng","Staff@12345","Non Teaching Staff","Account Officer","Bursary Department"
"Mr. David Onifade","david.onifade@bouesti.edu.ng","Staff@12345","Non Teaching Staff","Senior Library Officer","University Library"
"Mr. Femi Ogunbiyi","femi.ogunbiyi@bouesti.edu.ng","Staff@12345","Non Teaching Staff","Student Affairs Officer","Student Affairs Division"
"Mr. Haruna Musa","haruna.musa@bouesti.edu.ng","Staff@12345","Non Teaching Staff","Internal Auditor","Internal Audit Unit"
"Mr. James Udo","james.udo@bouesti.edu.ng","Staff@12345","Non Teaching Staff","Health Information Officer","Medical Centre"
"Mr. Lanre Akinrinade","lanre.akinrinade@bouesti.edu.ng","Staff@12345","Non Teaching Staff","Executive Officer","Examinations and Records"
"Mr. Lekan Arogundade","lekan.arogundade@bouesti.edu.ng","Staff@12345","Academic Staff","Assistant Lecturer","Department of Biological Sciences"
"Mr. Nura Suleiman","nura.suleiman@bouesti.edu.ng","Staff@12345","Non Teaching Staff","Planning Officer","Academic Planning Unit"
"Mr. Paul Edet","paul.edet@bouesti.edu.ng","Staff@12345","Non Teaching Staff","Administrative Officer","SIWES and Industrial Liaison Unit"
"Mr. Segun Oladipo","segun.oladipo@bouesti.edu.ng","Staff@12345","Non Teaching Staff","Protocol Officer","Protocol and Ceremonials Office"
"Mrs. Abiola Adegoke","abiola.adegoke@bouesti.edu.ng","Staff@12345","Non Teaching Staff","Senior Administrative Officer","Registry Unit"
"Mrs. Bosede Falana","bosede.falana@bouesti.edu.ng","Staff@12345","Academic Staff","Assistant Lecturer","Department of Architecture"
"Mrs. Chioma Ezeobi","chioma.ezeobi@bouesti.edu.ng","Staff@12345","Non Teaching Staff","Systems Analyst","ICT Directorate"
"Mrs. Esther Kolawole","esther.kolawole@bouesti.edu.ng","Staff@12345","Non Teaching Staff","Works Superintendent","Works and Maintenance Unit"
"Mrs. Folake Ige","folake.ige@bouesti.edu.ng","Staff@12345","Academic Staff","Assistant Lecturer","Industrial Technology Education"
"Mrs. Grace Akinpelu","grace.akinpelu@bouesti.edu.ng","Staff@12345","Non Teaching Staff","Procurement Officer","Procurement Unit"
"Mrs. Iyabo Adeoye","iyabo.adeoye@bouesti.edu.ng","Staff@12345","Non Teaching Staff","Security Coordinator","Security Services"
"Mrs. Jumoke Adebanjo","jumoke.adebanjo@bouesti.edu.ng","Staff@12345","Academic Staff","Lecturer II","General Studies"
"Mrs. Kemi Ajetunmobi","kemi.ajetunmobi@bouesti.edu.ng","Staff@12345","Non Teaching Staff","Admissions Officer","Admissions Office"
"Mrs. Modupe Ajayi","modupe.ajayi@bouesti.edu.ng","Staff@12345","Non Teaching Staff","Administrative Officer","Human Resources Division"
"Mrs. Oluwakemi Bankole","oluwakemi.bankole@bouesti.edu.ng","Staff@12345","Non Teaching Staff","Public Relations Officer","Alumni and Public Relations Office"
"Mrs. Rasheedat Olawale","rasheedat.olawale@bouesti.edu.ng","Staff@12345","Non Teaching Staff","Transport Officer","Transport Unit"
"Prof. Bose Adediran","bose.adediran@bouesti.edu.ng","Staff@12345","Academic Staff","Professor","Counselling Psychology"
"Prof. Peter Olatunji","peter.olatunji@bouesti.edu.ng","Staff@12345","Academic Staff","Professor","Department of Physics"
